{
  "transaction": {
    "date": "2018.06.08",
    "time": "17:34:11",
    "classification": "Payment",
    "type": "Offline",
    "amount": 5000
  },
  "card": {
    "information": "VISA",
    "number": "9441-92**-****-6743",
    "approval": "73675257"
  },
  "more": {
    "name": "아이스팡팡",
    "number": "708478937",
    "address": "경기 성남시 분당구 동판교로 91 ,제상가동 제지하1층 제비106호 (백현동,백현마을4단지아파트)",
    "call": "031-703-1970"
  }
}